,0,1
0,anna,"[[0. 0. 0. ... 0. 0. 0.]
 [0. 0. 0. ... 0. 0. 0.]
 [0. 0. 0. ... 0. 0. 0.]
 ...
 [0. 0. 0. ... 0. 0. 1.]
 [0. 0. 0. ... 0. 0. 0.]
 [0. 0. 0. ... 1. 0. 0.]]"
1,david,"[[0. 0. 0. ... 0. 0. 0.]
 [0. 0. 0. ... 0. 1. 1.]
 [0. 0. 0. ... 0. 0. 1.]
 ...
 [0. 0. 0. ... 0. 0. 0.]
 [0. 1. 0. ... 0. 0. 0.]
 [0. 1. 1. ... 0. 0. 0.]]"
2,fpsol2.i.1,"[[0. 1. 1. ... 0. 0. 1.]
 [0. 0. 1. ... 0. 0. 1.]
 [0. 0. 0. ... 0. 0. 0.]
 ...
 [0. 0. 0. ... 0. 0. 0.]
 [0. 0. 0. ... 0. 0. 0.]
 [0. 0. 0. ... 0. 0. 0.]]"
3,fpsol2.i.2,"[[0. 1. 1. ... 0. 0. 1.]
 [0. 0. 1. ... 0. 0. 1.]
 [0. 0. 0. ... 0. 0. 0.]
 ...
 [0. 0. 0. ... 0. 0. 0.]
 [0. 0. 0. ... 0. 0. 0.]
 [0. 0. 0. ... 0. 0. 0.]]"
4,fpsol2.i.3,"[[0. 1. 1. ... 1. 0. 1.]
 [0. 0. 1. ... 1. 0. 1.]
 [0. 0. 0. ... 0. 0. 0.]
 ...
 [0. 0. 0. ... 0. 0. 0.]
 [0. 0. 0. ... 0. 0. 0.]
 [0. 0. 0. ... 0. 0. 0.]]"
5,games120,"[[0. 0. 0. ... 0. 0. 0.]
 [0. 0. 0. ... 0. 0. 0.]
 [0. 0. 0. ... 0. 0. 0.]
 ...
 [0. 0. 0. ... 0. 0. 1.]
 [0. 0. 0. ... 0. 0. 0.]
 [0. 0. 0. ... 1. 0. 0.]]"
6,homer,"[[0. 0. 0. ... 0. 0. 0.]
 [0. 0. 0. ... 0. 0. 0.]
 [0. 0. 0. ... 0. 0. 0.]
 ...
 [0. 0. 0. ... 0. 0. 0.]
 [0. 0. 0. ... 0. 0. 0.]
 [0. 0. 0. ... 0. 0. 0.]]"
7,huck,"[[0. 0. 0. ... 1. 0. 0.]
 [0. 0. 0. ... 0. 0. 1.]
 [0. 0. 0. ... 0. 0. 0.]
 ...
 [1. 0. 0. ... 0. 0. 0.]
 [0. 0. 0. ... 0. 0. 0.]
 [0. 1. 0. ... 0. 0. 0.]]"
8,inithx.i.1,"[[0. 1. 1. ... 0. 0. 1.]
 [0. 0. 1. ... 0. 0. 1.]
 [0. 0. 0. ... 0. 0. 1.]
 ...
 [0. 0. 0. ... 0. 0. 0.]
 [0. 0. 0. ... 0. 0. 0.]
 [0. 0. 0. ... 0. 0. 0.]]"
9,inithx.i.2,"[[0. 1. 1. ... 1. 0. 1.]
 [0. 0. 1. ... 1. 0. 1.]
 [0. 0. 0. ... 1. 0. 1.]
 ...
 [0. 0. 0. ... 0. 0. 0.]
 [0. 0. 0. ... 0. 0. 0.]
 [0. 0. 0. ... 0. 0. 0.]]"
10,inithx.i.3,"[[0. 1. 1. ... 1. 0. 1.]
 [0. 0. 1. ... 1. 0. 1.]
 [0. 0. 0. ... 1. 0. 1.]
 ...
 [0. 0. 0. ... 0. 0. 0.]
 [0. 0. 0. ... 0. 0. 0.]
 [0. 0. 0. ... 0. 0. 0.]]"
11,jean,"[[0. 0. 0. ... 0. 0. 0.]
 [0. 0. 0. ... 0. 0. 0.]
 [0. 0. 0. ... 0. 0. 0.]
 ...
 [0. 0. 0. ... 0. 0. 0.]
 [0. 0. 0. ... 0. 0. 0.]
 [0. 0. 0. ... 0. 0. 0.]]"
12,e450_15a,"[[0. 1. 0. ... 0. 0. 0.]
 [0. 0. 0. ... 0. 0. 0.]
 [0. 0. 0. ... 0. 0. 0.]
 ...
 [0. 0. 0. ... 0. 0. 0.]
 [0. 0. 0. ... 0. 0. 0.]
 [0. 0. 0. ... 0. 0. 0.]]"
13,e450_15b,"[[0. 0. 0. ... 0. 0. 0.]
 [0. 0. 0. ... 0. 0. 0.]
 [0. 0. 0. ... 0. 0. 0.]
 ...
 [0. 0. 0. ... 0. 0. 0.]
 [0. 0. 0. ... 0. 0. 0.]
 [0. 0. 0. ... 0. 0. 0.]]"
14,e450_15,"[[0. 0. 0. ... 0. 0. 0.]
 [0. 0. 0. ... 0. 1. 0.]
 [0. 0. 0. ... 0. 0. 1.]
 ...
 [0. 0. 0. ... 0. 0. 1.]
 [0. 0. 0. ... 0. 0. 0.]
 [0. 0. 0. ... 0. 0. 0.]]"
15,e450_15d,"[[0. 0. 1. ... 0. 0. 0.]
 [0. 0. 1. ... 0. 0. 0.]
 [0. 0. 0. ... 0. 0. 0.]
 ...
 [0. 0. 0. ... 0. 0. 1.]
 [0. 0. 0. ... 0. 0. 0.]
 [0. 0. 0. ... 0. 0. 0.]]"
16,e450_25a,"[[0. 0. 0. ... 0. 0. 0.]
 [0. 0. 0. ... 0. 0. 0.]
 [0. 0. 0. ... 0. 0. 0.]
 ...
 [0. 0. 0. ... 0. 0. 0.]
 [0. 0. 0. ... 0. 0. 0.]
 [0. 0. 0. ... 0. 0. 0.]]"
17,e450_25b,"[[0. 0. 0. ... 0. 0. 0.]
 [0. 0. 0. ... 0. 0. 1.]
 [0. 0. 0. ... 0. 0. 0.]
 ...
 [0. 0. 0. ... 0. 0. 0.]
 [0. 0. 0. ... 0. 0. 0.]
 [0. 0. 0. ... 0. 0. 0.]]"
18,e450_25,"[[0. 0. 0. ... 0. 0. 0.]
 [0. 0. 0. ... 0. 0. 0.]
 [0. 0. 0. ... 0. 0. 1.]
 ...
 [0. 0. 0. ... 0. 0. 0.]
 [0. 0. 0. ... 0. 0. 0.]
 [0. 0. 0. ... 0. 0. 0.]]"
19,e450_25d,"[[0. 1. 1. ... 0. 1. 0.]
 [0. 0. 0. ... 0. 0. 1.]
 [0. 0. 0. ... 0. 1. 0.]
 ...
 [0. 0. 0. ... 0. 0. 0.]
 [0. 0. 0. ... 0. 0. 0.]
 [0. 0. 0. ... 0. 0. 0.]]"
20,e450_5a,"[[0. 0. 0. ... 0. 0. 0.]
 [0. 0. 0. ... 0. 0. 0.]
 [0. 0. 0. ... 0. 0. 0.]
 ...
 [0. 0. 0. ... 0. 0. 1.]
 [0. 0. 0. ... 0. 0. 0.]
 [0. 0. 0. ... 0. 0. 0.]]"
21,e450_5b,"[[0. 0. 0. ... 0. 0. 0.]
 [0. 0. 0. ... 0. 0. 0.]
 [0. 0. 0. ... 0. 0. 0.]
 ...
 [0. 0. 0. ... 0. 0. 0.]
 [0. 0. 0. ... 0. 0. 0.]
 [0. 0. 0. ... 0. 0. 0.]]"
22,e450_5,"[[0. 0. 0. ... 0. 0. 0.]
 [0. 0. 0. ... 0. 0. 0.]
 [0. 0. 0. ... 0. 0. 1.]
 ...
 [0. 0. 0. ... 0. 0. 0.]
 [0. 0. 0. ... 0. 0. 0.]
 [0. 0. 0. ... 0. 0. 0.]]"
23,e450_5d,"[[0. 0. 0. ... 0. 0. 0.]
 [0. 0. 0. ... 0. 0. 0.]
 [0. 0. 0. ... 0. 0. 0.]
 ...
 [0. 0. 0. ... 0. 0. 0.]
 [0. 0. 0. ... 0. 0. 0.]
 [0. 0. 0. ... 0. 0. 0.]]"
24,miles1000,"[[0. 0. 0. ... 0. 0. 1.]
 [0. 0. 0. ... 1. 1. 1.]
 [0. 0. 0. ... 0. 0. 0.]
 ...
 [0. 1. 0. ... 0. 1. 1.]
 [0. 1. 0. ... 1. 0. 1.]
 [1. 1. 0. ... 1. 1. 0.]]"
25,miles1500,"[[0. 1. 1. ... 1. 1. 1.]
 [1. 0. 0. ... 1. 1. 1.]
 [1. 0. 0. ... 0. 0. 0.]
 ...
 [1. 1. 0. ... 0. 1. 1.]
 [1. 1. 0. ... 1. 0. 1.]
 [1. 1. 0. ... 1. 1. 0.]]"
26,miles250,"[[0. 0. 0. ... 0. 0. 0.]
 [0. 0. 0. ... 0. 1. 0.]
 [0. 0. 0. ... 0. 0. 0.]
 ...
 [0. 0. 0. ... 0. 0. 0.]
 [0. 1. 0. ... 0. 0. 0.]
 [0. 0. 0. ... 0. 0. 0.]]"
27,miles500,"[[0. 0. 0. ... 0. 0. 0.]
 [0. 0. 0. ... 1. 1. 0.]
 [0. 0. 0. ... 0. 0. 0.]
 ...
 [0. 1. 0. ... 0. 1. 0.]
 [0. 1. 0. ... 1. 0. 0.]
 [0. 0. 0. ... 0. 0. 0.]]"
28,miles750,"[[0. 0. 0. ... 0. 0. 1.]
 [0. 0. 0. ... 1. 1. 1.]
 [0. 0. 0. ... 0. 0. 0.]
 ...
 [0. 1. 0. ... 0. 1. 1.]
 [0. 1. 0. ... 1. 0. 0.]
 [1. 1. 0. ... 1. 0. 0.]]"
29,mulsol.i.1,"[[0. 1. 1. ... 1. 0. 1.]
 [0. 0. 1. ... 1. 0. 1.]
 [0. 0. 0. ... 0. 0. 0.]
 ...
 [0. 0. 0. ... 0. 0. 0.]
 [0. 0. 0. ... 0. 0. 0.]
 [0. 0. 0. ... 0. 0. 0.]]"
30,mulsol.i.2,"[[0. 1. 1. ... 1. 1. 1.]
 [0. 0. 1. ... 1. 1. 1.]
 [0. 0. 0. ... 0. 0. 0.]
 ...
 [0. 0. 0. ... 0. 0. 0.]
 [0. 0. 0. ... 0. 0. 0.]
 [0. 0. 0. ... 0. 0. 0.]]"
31,mulsol.i.3,"[[0. 1. 1. ... 1. 1. 1.]
 [0. 0. 1. ... 1. 1. 1.]
 [0. 0. 0. ... 0. 0. 0.]
 ...
 [0. 0. 0. ... 0. 0. 0.]
 [0. 0. 0. ... 0. 0. 0.]
 [0. 0. 0. ... 0. 0. 0.]]"
32,mulsol.i.4,"[[0. 1. 1. ... 1. 1. 1.]
 [0. 0. 1. ... 1. 1. 1.]
 [0. 0. 0. ... 0. 0. 0.]
 ...
 [0. 0. 0. ... 0. 0. 0.]
 [0. 0. 0. ... 0. 0. 0.]
 [0. 0. 0. ... 0. 0. 0.]]"
33,mulsol.i.5,"[[0. 1. 1. ... 1. 1. 1.]
 [0. 0. 1. ... 1. 1. 1.]
 [0. 0. 0. ... 0. 0. 0.]
 ...
 [0. 0. 0. ... 0. 0. 0.]
 [0. 0. 0. ... 0. 0. 0.]
 [0. 0. 0. ... 0. 0. 0.]]"
34,myciel2,[]
35,myciel3,"[[0. 1. 0. 1. 0. 0. 1. 0. 1. 0. 0.]
 [0. 0. 1. 0. 0. 1. 0. 1. 0. 0. 0.]
 [0. 0. 0. 0. 1. 0. 1. 0. 0. 1. 0.]
 [0. 0. 0. 0. 1. 1. 0. 0. 0. 1. 0.]
 [0. 0. 0. 0. 0. 0. 0. 1. 1. 0. 0.]
 [0. 0. 0. 0. 0. 0. 0. 0. 0. 0. 1.]
 [0. 0. 0. 0. 0. 0. 0. 0. 0. 0. 1.]
 [0. 0. 0. 0. 0. 0. 0. 0. 0. 0. 1.]
 [0. 0. 0. 0. 0. 0. 0. 0. 0. 0. 1.]
 [0. 0. 0. 0. 0. 0. 0. 0. 0. 0. 1.]
 [0. 0. 0. 0. 0. 0. 0. 0. 0. 0. 0.]]"
36,myciel4,"[[0. 1. 0. 1. 0. 0. 1. 0. 1. 0. 0. 0. 1. 0. 1. 0. 0. 1. 0. 1. 0. 0. 0.]
 [0. 0. 1. 0. 0. 1. 0. 1. 0. 0. 0. 1. 0. 1. 0. 0. 1. 0. 1. 0. 0. 0. 0.]
 [0. 0. 0. 0. 1. 0. 1. 0. 0. 1. 0. 0. 1. 0. 0. 1. 0. 1. 0. 0. 1. 0. 0.]
 [0. 0. 0. 0. 1. 1. 0. 0. 0. 1. 0. 1. 0. 0. 0. 1. 1. 0. 0. 0. 1. 0. 0.]
 [0. 0. 0. 0. 0. 0. 0. 1. 1. 0. 0. 0. 0. 1. 1. 0. 0. 0. 1. 1. 0. 0. 0.]
 [0. 0. 0. 0. 0. 0. 0. 0. 0. 0. 1. 0. 1. 0. 1. 0. 0. 0. 0. 0. 0. 1. 0.]
 [0. 0. 0. 0. 0. 0. 0. 0. 0. 0. 1. 1. 0. 1. 0. 0. 0. 0. 0. 0. 0. 1. 0.]
 [0. 0. 0. 0. 0. 0. 0. 0. 0. 0. 1. 0. 1. 0. 0. 1. 0. 0. 0. 0. 0. 1. 0.]
 [0. 0. 0. 0. 0. 0. 0. 0. 0. 0. 1. 1. 0. 0. 0. 1. 0. 0. 0. 0. 0. 1. 0.]
 [0. 0. 0. 0. 0. 0. 0. 0. 0. 0. 1. 0. 0. 1. 1. 0. 0. 0. 0. 0. 0. 1. 0.]
 [0. 0. 0. 0. 0. 0. 0. 0. 0. 0. 0. 0. 0. 0. 0. 0. 1. 1. 1. 1. 1. 0. 0.]
 [0. 0. 0. 0. 0. 0. 0. 0. 0. 0. 0. 0. 0. 0. 0. 0. 0. 0. 0. 0. 0. 0. 1.]
 [0. 0. 0. 0. 0. 0. 0. 0. 0. 0. 0. 0. 0. 0. 0. 0. 0. 0. 0. 0. 0. 0. 1.]
 [0. 0. 0. 0. 0. 0. 0. 0. 0. 0. 0. 0. 0. 0. 0. 0. 0. 0. 0. 0. 0. 0. 1.]
 [0. 0. 0. 0. 0. 0. 0. 0. 0. 0. 0. 0. 0. 0. 0. 0. 0. 0. 0. 0. 0. 0. 1.]
 [0. 0. 0. 0. 0. 0. 0. 0. 0. 0. 0. 0. 0. 0. 0. 0. 0. 0. 0. 0. 0. 0. 1.]
 [0. 0. 0. 0. 0. 0. 0. 0. 0. 0. 0. 0. 0. 0. 0. 0. 0. 0. 0. 0. 0. 0. 1.]
 [0. 0. 0. 0. 0. 0. 0. 0. 0. 0. 0. 0. 0. 0. 0. 0. 0. 0. 0. 0. 0. 0. 1.]
 [0. 0. 0. 0. 0. 0. 0. 0. 0. 0. 0. 0. 0. 0. 0. 0. 0. 0. 0. 0. 0. 0. 1.]
 [0. 0. 0. 0. 0. 0. 0. 0. 0. 0. 0. 0. 0. 0. 0. 0. 0. 0. 0. 0. 0. 0. 1.]
 [0. 0. 0. 0. 0. 0. 0. 0. 0. 0. 0. 0. 0. 0. 0. 0. 0. 0. 0. 0. 0. 0. 1.]
 [0. 0. 0. 0. 0. 0. 0. 0. 0. 0. 0. 0. 0. 0. 0. 0. 0. 0. 0. 0. 0. 0. 1.]
 [0. 0. 0. 0. 0. 0. 0. 0. 0. 0. 0. 0. 0. 0. 0. 0. 0. 0. 0. 0. 0. 0. 0.]]"
37,myciel5,"[[0. 1. 0. ... 0. 0. 0.]
 [0. 0. 1. ... 0. 0. 0.]
 [0. 0. 0. ... 0. 0. 0.]
 ...
 [0. 0. 0. ... 0. 0. 1.]
 [0. 0. 0. ... 0. 0. 1.]
 [0. 0. 0. ... 0. 0. 0.]]"
38,myciel6,"[[0. 1. 0. ... 0. 0. 0.]
 [0. 0. 1. ... 0. 0. 0.]
 [0. 0. 0. ... 0. 0. 0.]
 ...
 [0. 0. 0. ... 0. 0. 1.]
 [0. 0. 0. ... 0. 0. 1.]
 [0. 0. 0. ... 0. 0. 0.]]"
39,myciel7,"[[0. 1. 0. ... 0. 0. 0.]
 [0. 0. 1. ... 0. 0. 0.]
 [0. 0. 0. ... 0. 0. 0.]
 ...
 [0. 0. 0. ... 0. 0. 1.]
 [0. 0. 0. ... 0. 0. 1.]
 [0. 0. 0. ... 0. 0. 0.]]"
40,queen10_10,"[[0. 1. 1. ... 0. 0. 1.]
 [1. 0. 1. ... 0. 0. 0.]
 [1. 1. 0. ... 0. 0. 0.]
 ...
 [0. 0. 0. ... 0. 1. 1.]
 [0. 0. 0. ... 1. 0. 1.]
 [1. 0. 0. ... 1. 1. 0.]]"
41,queen11_11,"[[0. 1. 1. ... 0. 0. 1.]
 [1. 0. 1. ... 0. 0. 0.]
 [1. 1. 0. ... 0. 0. 0.]
 ...
 [0. 0. 0. ... 0. 1. 1.]
 [0. 0. 0. ... 1. 0. 1.]
 [1. 0. 0. ... 1. 1. 0.]]"
42,queen12_12,"[[0. 1. 1. ... 0. 0. 1.]
 [1. 0. 1. ... 0. 0. 0.]
 [1. 1. 0. ... 0. 0. 0.]
 ...
 [0. 0. 0. ... 0. 1. 1.]
 [0. 0. 0. ... 1. 0. 1.]
 [1. 0. 0. ... 1. 1. 0.]]"
43,queen13_13,"[[0. 1. 1. ... 0. 0. 1.]
 [1. 0. 1. ... 0. 0. 0.]
 [1. 1. 0. ... 0. 0. 0.]
 ...
 [0. 0. 0. ... 0. 1. 1.]
 [0. 0. 0. ... 1. 0. 1.]
 [1. 0. 0. ... 1. 1. 0.]]"
44,queen14_14,"[[0. 1. 1. ... 0. 0. 1.]
 [1. 0. 1. ... 0. 0. 0.]
 [1. 1. 0. ... 0. 0. 0.]
 ...
 [0. 0. 0. ... 0. 1. 1.]
 [0. 0. 0. ... 1. 0. 1.]
 [1. 0. 0. ... 1. 1. 0.]]"
45,queen15_15,"[[0. 1. 1. ... 0. 0. 1.]
 [1. 0. 1. ... 0. 0. 0.]
 [1. 1. 0. ... 0. 0. 0.]
 ...
 [0. 0. 0. ... 0. 1. 1.]
 [0. 0. 0. ... 1. 0. 1.]
 [1. 0. 0. ... 1. 1. 0.]]"
46,queen16_16,"[[0. 1. 1. ... 0. 0. 1.]
 [1. 0. 1. ... 0. 0. 0.]
 [1. 1. 0. ... 0. 0. 0.]
 ...
 [0. 0. 0. ... 0. 1. 1.]
 [0. 0. 0. ... 1. 0. 1.]
 [1. 0. 0. ... 1. 1. 0.]]"
47,queen5_5,"[[0. 1. 1. 1. 1. 1. 1. 0. 0. 0. 1. 0. 1. 0. 0. 1. 0. 0. 1. 0. 1. 0. 0. 0.
  1.]
 [1. 0. 1. 1. 1. 1. 1. 1. 0. 0. 0. 1. 0. 1. 0. 0. 1. 0. 0. 1. 0. 1. 0. 0.
  0.]
 [1. 1. 0. 1. 1. 0. 1. 1. 1. 0. 1. 0. 1. 0. 1. 0. 0. 1. 0. 0. 0. 0. 1. 0.
  0.]
 [1. 1. 1. 0. 1. 0. 0. 1. 1. 1. 0. 1. 0. 1. 0. 1. 0. 0. 1. 0. 0. 0. 0. 1.
  0.]
 [1. 1. 1. 1. 0. 0. 0. 0. 1. 1. 0. 0. 1. 0. 1. 0. 1. 0. 0. 1. 1. 0. 0. 0.
  1.]
 [1. 1. 0. 0. 0. 0. 1. 1. 1. 1. 1. 1. 0. 0. 0. 1. 0. 1. 0. 0. 1. 0. 0. 1.
  0.]
 [1. 1. 1. 0. 0. 1. 0. 1. 1. 1. 1. 1. 1. 0. 0. 0. 1. 0. 1. 0. 0. 1. 0. 0.
  1.]
 [0. 1. 1. 1. 0. 1. 1. 0. 1. 1. 0. 1. 1. 1. 0. 1. 0. 1. 0. 1. 0. 0. 1. 0.
  0.]
 [0. 0. 1. 1. 1. 1. 1. 1. 0. 1. 0. 0. 1. 1. 1. 0. 1. 0. 1. 0. 1. 0. 0. 1.
  0.]
 [0. 0. 0. 1. 1. 1. 1. 1. 1. 0. 0. 0. 0. 1. 1. 0. 0. 1. 0. 1. 0. 1. 0. 0.
  1.]
 [1. 0. 1. 0. 0. 1. 1. 0. 0. 0. 0. 1. 1. 1. 1. 1. 1. 0. 0. 0. 1. 0. 1. 0.
  0.]
 [0. 1. 0. 1. 0. 1. 1. 1. 0. 0. 1. 0. 1. 1. 1. 1. 1. 1. 0. 0. 0. 1. 0. 1.
  0.]
 [1. 0. 1. 0. 1. 0. 1. 1. 1. 0. 1. 1. 0. 1. 1. 0. 1. 1. 1. 0. 1. 0. 1. 0.
  1.]
 [0. 1. 0. 1. 0. 0. 0. 1. 1. 1. 1. 1. 1. 0. 1. 0. 0. 1. 1. 1. 0. 1. 0. 1.
  0.]
 [0. 0. 1. 0. 1. 0. 0. 0. 1. 1. 1. 1. 1. 1. 0. 0. 0. 0. 1. 1. 0. 0. 1. 0.
  1.]
 [1. 0. 0. 1. 0. 1. 0. 1. 0. 0. 1. 1. 0. 0. 0. 0. 1. 1. 1. 1. 1. 1. 0. 0.
  0.]
 [0. 1. 0. 0. 1. 0. 1. 0. 1. 0. 1. 1. 1. 0. 0. 1. 0. 1. 1. 1. 1. 1. 1. 0.
  0.]
 [0. 0. 1. 0. 0. 1. 0. 1. 0. 1. 0. 1. 1. 1. 0. 1. 1. 0. 1. 1. 0. 1. 1. 1.
  0.]
 [1. 0. 0. 1. 0. 0. 1. 0. 1. 0. 0. 0. 1. 1. 1. 1. 1. 1. 0. 1. 0. 0. 1. 1.
  1.]
 [0. 1. 0. 0. 1. 0. 0. 1. 0. 1. 0. 0. 0. 1. 1. 1. 1. 1. 1. 0. 0. 0. 0. 1.
  1.]
 [1. 0. 0. 0. 1. 1. 0. 0. 1. 0. 1. 0. 1. 0. 0. 1. 1. 0. 0. 0. 0. 1. 1. 1.
  1.]
 [0. 1. 0. 0. 0. 0. 1. 0. 0. 1. 0. 1. 0. 1. 0. 1. 1. 1. 0. 0. 1. 0. 1. 1.
  1.]
 [0. 0. 1. 0. 0. 0. 0. 1. 0. 0. 1. 0. 1. 0. 1. 0. 1. 1. 1. 0. 1. 1. 0. 1.
  1.]
 [0. 0. 0. 1. 0. 1. 0. 0. 1. 0. 0. 1. 0. 1. 0. 0. 0. 1. 1. 1. 1. 1. 1. 0.
  1.]
 [1. 0. 0. 0. 1. 0. 1. 0. 0. 1. 0. 0. 1. 0. 1. 0. 0. 0. 1. 1. 1. 1. 1. 1.
  0.]]"
48,queen6_6,"[[0. 1. 1. ... 0. 0. 1.]
 [1. 0. 1. ... 0. 0. 0.]
 [1. 1. 0. ... 0. 0. 0.]
 ...
 [0. 0. 0. ... 0. 1. 1.]
 [0. 0. 0. ... 1. 0. 1.]
 [1. 0. 0. ... 1. 1. 0.]]"
49,queen7_7,"[[0. 1. 1. ... 0. 0. 1.]
 [1. 0. 1. ... 0. 0. 0.]
 [1. 1. 0. ... 0. 0. 0.]
 ...
 [0. 0. 0. ... 0. 1. 1.]
 [0. 0. 0. ... 1. 0. 1.]
 [1. 0. 0. ... 1. 1. 0.]]"
50,queen8_12,"[[0. 1. 1. ... 0. 0. 0.]
 [1. 0. 1. ... 0. 0. 0.]
 [1. 1. 0. ... 1. 0. 0.]
 ...
 [0. 0. 1. ... 0. 1. 1.]
 [0. 0. 0. ... 1. 0. 1.]
 [0. 0. 0. ... 1. 1. 0.]]"
51,queen8_8,"[[0. 1. 1. ... 0. 0. 1.]
 [1. 0. 1. ... 0. 0. 0.]
 [1. 1. 0. ... 0. 0. 0.]
 ...
 [0. 0. 0. ... 0. 1. 1.]
 [0. 0. 0. ... 1. 0. 1.]
 [1. 0. 0. ... 1. 1. 0.]]"
52,queen9_9,"[[0. 1. 1. ... 0. 0. 1.]
 [1. 0. 1. ... 0. 0. 0.]
 [1. 1. 0. ... 0. 0. 0.]
 ...
 [0. 0. 0. ... 0. 1. 1.]
 [0. 0. 0. ... 1. 0. 1.]
 [1. 0. 0. ... 1. 1. 0.]]"
53,school1,"[[0. 1. 0. ... 1. 0. 0.]
 [0. 0. 0. ... 1. 0. 0.]
 [0. 0. 0. ... 0. 1. 0.]
 ...
 [0. 0. 0. ... 0. 0. 0.]
 [0. 0. 0. ... 0. 0. 0.]
 [0. 0. 0. ... 0. 0. 0.]]"
54,school1_nsh,"[[0. 1. 0. ... 0. 0. 0.]
 [0. 0. 0. ... 0. 0. 0.]
 [0. 0. 0. ... 0. 0. 0.]
 ...
 [0. 0. 0. ... 0. 1. 1.]
 [0. 0. 0. ... 0. 0. 1.]
 [0. 0. 0. ... 0. 0. 0.]]"
55,zeroin.i.1,"[[0. 1. 1. ... 0. 0. 1.]
 [0. 0. 1. ... 0. 0. 1.]
 [0. 0. 0. ... 0. 0. 1.]
 ...
 [0. 0. 0. ... 0. 0. 0.]
 [0. 0. 0. ... 0. 0. 0.]
 [0. 0. 0. ... 0. 0. 0.]]"
56,zeroin.i.2,"[[0. 1. 1. ... 0. 1. 1.]
 [0. 0. 1. ... 0. 1. 1.]
 [0. 0. 0. ... 0. 1. 1.]
 ...
 [0. 0. 0. ... 0. 0. 0.]
 [0. 0. 0. ... 0. 0. 1.]
 [0. 0. 0. ... 0. 0. 0.]]"
57,zeroin.i.3,"[[0. 1. 1. ... 0. 1. 1.]
 [0. 0. 1. ... 0. 1. 1.]
 [0. 0. 0. ... 0. 1. 1.]
 ...
 [0. 0. 0. ... 0. 0. 0.]
 [0. 0. 0. ... 0. 0. 1.]
 [0. 0. 0. ... 0. 0. 0.]]"
58,DSJC1000.1,"[[0. 0. 0. ... 0. 0. 0.]
 [0. 0. 0. ... 0. 0. 0.]
 [0. 0. 0. ... 0. 0. 0.]
 ...
 [0. 0. 0. ... 0. 0. 0.]
 [0. 0. 0. ... 0. 0. 0.]
 [0. 0. 0. ... 0. 0. 0.]]"
59,DSJC1000.5,"[[0. 0. 0. ... 0. 0. 0.]
 [0. 0. 0. ... 0. 0. 0.]
 [1. 0. 0. ... 0. 0. 0.]
 ...
 [1. 1. 0. ... 0. 0. 0.]
 [0. 0. 1. ... 0. 0. 0.]
 [1. 0. 0. ... 0. 0. 0.]]"
60,DSJC1000.9,"[[0. 0. 0. ... 0. 0. 0.]
 [1. 0. 0. ... 0. 0. 0.]
 [1. 1. 0. ... 0. 0. 0.]
 ...
 [1. 0. 1. ... 0. 0. 0.]
 [1. 1. 1. ... 1. 0. 0.]
 [1. 0. 1. ... 0. 0. 0.]]"
61,DSJC125.1,"[[0. 0. 0. ... 0. 0. 0.]
 [0. 0. 0. ... 0. 0. 0.]
 [0. 0. 0. ... 0. 0. 0.]
 ...
 [1. 0. 0. ... 0. 0. 0.]
 [0. 0. 0. ... 0. 0. 0.]
 [0. 0. 0. ... 0. 0. 0.]]"
62,DSJC125.5,"[[0. 0. 0. 0. 0. 0. 0. 0. 0. 0. 0. 0. 0. 0. 0. 0. 0. 0.]
 [1. 0. 0. 0. 0. 0. 0. 0. 0. 0. 0. 0. 0. 0. 0. 0. 0. 0.]
 [1. 0. 0. 0. 0. 0. 0. 0. 0. 0. 0. 0. 0. 0. 0. 0. 0. 0.]
 [1. 1. 1. 0. 0. 0. 0. 0. 0. 0. 0. 0. 0. 0. 0. 0. 0. 0.]
 [1. 1. 1. 0. 0. 0. 0. 0. 0. 0. 0. 0. 0. 0. 0. 0. 0. 0.]
 [1. 1. 1. 1. 0. 0. 0. 0. 0. 0. 0. 0. 0. 0. 0. 0. 0. 0.]
 [0. 1. 1. 0. 0. 1. 0. 0. 0. 0. 0. 0. 0. 0. 0. 0. 0. 0.]
 [0. 0. 1. 0. 1. 0. 0. 0. 0. 0. 0. 0. 0. 0. 0. 0. 0. 0.]
 [0. 0. 0. 0. 1. 0. 0. 0. 0. 0. 0. 0. 0. 0. 0. 0. 0. 0.]
 [1. 1. 1. 1. 0. 1. 1. 1. 0. 0. 0. 0. 0. 0. 0. 0. 0. 0.]
 [1. 1. 0. 0. 1. 1. 0. 1. 1. 0. 0. 0. 0. 0. 0. 0. 0. 0.]
 [1. 0. 0. 1. 1. 0. 1. 1. 1. 0. 1. 0. 0. 0. 0. 0. 0. 0.]
 [1. 1. 1. 0. 1. 0. 0. 1. 1. 0. 1. 1. 0. 0. 0. 0. 0. 0.]
 [0. 1. 1. 1. 0. 0. 1. 1. 0. 1. 0. 0. 0. 0. 0. 0. 0. 0.]
 [1. 1. 0. 0. 1. 0. 0. 1. 0. 1. 0. 1. 1. 0. 0. 0. 0. 0.]
 [1. 0. 0. 1. 1. 0. 0. 1. 1. 1. 0. 0. 1. 0. 0. 0. 0. 0.]
 [1. 0. 1. 1. 1. 1. 0. 1. 1. 1. 0. 1. 1. 0. 1. 1. 0. 0.]
 [1. 1. 1. 1. 0. 1. 1. 1. 0. 0. 0. 0. 0. 0. 0. 0. 0. 0.]]"
63,DSJC125.9,"[[0. 0. 0. ... 0. 0. 0.]
 [1. 0. 0. ... 0. 0. 0.]
 [1. 1. 0. ... 0. 0. 0.]
 ...
 [1. 1. 0. ... 0. 0. 0.]
 [1. 0. 1. ... 1. 0. 0.]
 [1. 1. 1. ... 1. 0. 0.]]"
64,DSJC250.1,"[[0. 0. 0. ... 0. 0. 0.]
 [0. 0. 0. ... 0. 0. 0.]
 [0. 0. 0. ... 0. 0. 0.]
 ...
 [0. 0. 0. ... 0. 0. 0.]
 [0. 0. 0. ... 1. 0. 0.]
 [1. 1. 0. ... 0. 0. 0.]]"
65,DSJC250.5,"[[0. 0. 0. ... 0. 0. 0.]
 [1. 0. 0. ... 0. 0. 0.]
 [0. 1. 0. ... 0. 0. 0.]
 ...
 [0. 0. 1. ... 0. 0. 0.]
 [0. 0. 1. ... 1. 0. 0.]
 [1. 1. 1. ... 0. 0. 0.]]"
66,DSJC250.9,"[[0. 0. 0. ... 0. 0. 0.]
 [1. 0. 0. ... 0. 0. 0.]
 [0. 1. 0. ... 0. 0. 0.]
 ...
 [1. 1. 0. ... 0. 0. 0.]
 [1. 0. 1. ... 1. 0. 0.]
 [1. 1. 1. ... 1. 1. 0.]]"
67,DSJC500.1,"[[0. 0. 0. ... 0. 0. 0.]
 [0. 0. 0. ... 0. 0. 0.]
 [0. 0. 0. ... 0. 0. 0.]
 ...
 [0. 0. 1. ... 0. 0. 0.]
 [0. 0. 0. ... 0. 0. 0.]
 [0. 0. 0. ... 0. 0. 0.]]"
68,DSJC500.5,"[[0. 0. 0. ... 0. 0. 0.]
 [1. 0. 0. ... 0. 0. 0.]
 [1. 0. 0. ... 0. 0. 0.]
 ...
 [1. 0. 0. ... 0. 0. 0.]
 [0. 0. 0. ... 0. 0. 0.]
 [1. 0. 1. ... 0. 0. 0.]]"
69,DSJC500.9,"[[0. 0. 0. ... 0. 0. 0.]
 [1. 0. 0. ... 0. 0. 0.]
 [1. 1. 0. ... 0. 0. 0.]
 ...
 [1. 1. 1. ... 0. 0. 0.]
 [1. 1. 1. ... 1. 0. 0.]
 [1. 1. 1. ... 1. 1. 0.]]"
70,DSJR500.1,"[[0. 0. 0. ... 0. 0. 0.]
 [0. 0. 0. ... 0. 0. 0.]
 [0. 0. 0. ... 0. 0. 0.]
 ...
 [0. 0. 0. ... 0. 0. 0.]
 [0. 0. 0. ... 0. 0. 0.]
 [0. 1. 0. ... 0. 0. 0.]]"
71,DSJR500.1,"[[0. 0. 0. ... 0. 0. 0.]
 [0. 0. 0. ... 0. 0. 0.]
 [0. 1. 0. ... 0. 0. 0.]
 ...
 [1. 1. 1. ... 0. 0. 0.]
 [1. 1. 1. ... 1. 0. 0.]
 [1. 1. 1. ... 1. 1. 0.]]"
72,DSJR500.5,"[[0. 0. 0. ... 0. 0. 0.]
 [0. 0. 0. ... 0. 0. 0.]
 [1. 1. 0. ... 0. 0. 0.]
 ...
 [1. 1. 1. ... 0. 0. 0.]
 [0. 0. 0. ... 0. 0. 0.]
 [1. 0. 0. ... 0. 0. 0.]]"
73,flat1000_50_0,"[[0. 0. 0. ... 0. 0. 0.]
 [1. 0. 0. ... 0. 0. 0.]
 [1. 1. 0. ... 0. 0. 0.]
 ...
 [0. 1. 1. ... 0. 0. 0.]
 [0. 1. 0. ... 1. 0. 0.]
 [0. 0. 1. ... 0. 0. 0.]]"
74,flat1000_60_0,"[[0. 0. 0. ... 0. 0. 0.]
 [0. 0. 0. ... 0. 0. 0.]
 [0. 1. 0. ... 0. 0. 0.]
 ...
 [0. 1. 0. ... 0. 0. 0.]
 [1. 0. 0. ... 1. 0. 0.]
 [0. 0. 0. ... 0. 0. 0.]]"
75,flat1000_76_0,"[[0. 0. 0. ... 0. 0. 0.]
 [0. 0. 0. ... 0. 0. 0.]
 [1. 0. 0. ... 0. 0. 0.]
 ...
 [0. 1. 0. ... 0. 0. 0.]
 [1. 1. 1. ... 0. 0. 0.]
 [0. 0. 0. ... 0. 0. 0.]]"
76,flat300_20_0,"[[0. 0. 0. 0. 0. 0. 0. 0. 0. 0. 0. 0. 0.]
 [1. 0. 0. 0. 0. 0. 0. 0. 0. 0. 0. 0. 0.]
 [1. 0. 0. 0. 0. 0. 0. 0. 0. 0. 0. 0. 0.]
 [1. 1. 1. 0. 0. 0. 0. 0. 0. 0. 0. 0. 0.]
 [1. 1. 1. 0. 0. 0. 0. 0. 0. 0. 0. 0. 0.]
 [0. 0. 0. 1. 0. 0. 0. 0. 0. 0. 0. 0. 0.]
 [1. 0. 1. 1. 0. 0. 0. 0. 0. 0. 0. 0. 0.]
 [1. 0. 1. 0. 0. 0. 0. 0. 0. 0. 0. 0. 0.]
 [0. 1. 1. 0. 1. 0. 1. 0. 0. 0. 0. 0. 0.]
 [1. 0. 1. 1. 0. 0. 0. 0. 1. 0. 0. 0. 0.]
 [0. 0. 1. 0. 1. 1. 0. 1. 1. 0. 0. 0. 0.]
 [1. 0. 1. 1. 0. 1. 1. 1. 1. 0. 0. 0. 0.]
 [1. 0. 0. 0. 0. 1. 0. 0. 0. 1. 1. 1. 0.]]"
77,flat300_26_0,"[[0. 0. 0. ... 0. 0. 0.]
 [1. 0. 0. ... 0. 0. 0.]
 [0. 1. 0. ... 0. 0. 0.]
 ...
 [0. 1. 1. ... 0. 0. 0.]
 [1. 0. 1. ... 0. 0. 0.]
 [1. 1. 1. ... 1. 1. 0.]]"
78,flat300_28_0,"[[0. 0. 0. 0. 0. 0. 0. 0. 0. 0. 0. 0. 0. 0. 0.]
 [1. 0. 0. 0. 0. 0. 0. 0. 0. 0. 0. 0. 0. 0. 0.]
 [0. 0. 0. 0. 0. 0. 0. 0. 0. 0. 0. 0. 0. 0. 0.]
 [0. 0. 0. 0. 0. 0. 0. 0. 0. 0. 0. 0. 0. 0. 0.]
 [0. 1. 1. 0. 0. 0. 0. 0. 0. 0. 0. 0. 0. 0. 0.]
 [0. 0. 1. 1. 1. 0. 0. 0. 0. 0. 0. 0. 0. 0. 0.]
 [0. 0. 1. 0. 0. 0. 0. 0. 0. 0. 0. 0. 0. 0. 0.]
 [0. 0. 0. 0. 1. 1. 0. 0. 0. 0. 0. 0. 0. 0. 0.]
 [1. 0. 1. 1. 1. 0. 1. 1. 0. 0. 0. 0. 0. 0. 0.]
 [0. 0. 0. 0. 1. 0. 1. 0. 1. 0. 0. 0. 0. 0. 0.]
 [0. 0. 0. 0. 1. 0. 0. 1. 0. 0. 0. 0. 0. 0. 0.]
 [1. 1. 0. 1. 1. 1. 1. 0. 1. 1. 0. 0. 0. 0. 0.]
 [1. 0. 0. 0. 0. 1. 0. 1. 0. 0. 1. 0. 0. 0. 0.]
 [1. 1. 1. 0. 0. 0. 1. 0. 1. 0. 1. 1. 0. 0. 0.]
 [0. 1. 0. 1. 0. 0. 0. 1. 1. 0. 0. 0. 1. 0. 0.]]"
